<beast version="2.0" namespace="beast.core
                              :beast.evolution.alignment
                              :beast.evolution.tree
                              :beast.math.distributions
                              :beast.core.util
                              :beast.core.parameter">


    <parameter spec="RealParameter" id="meanParam" value="1.0"/>


    <run spec="DirectSimulator" nSamples="1">

        <distribution spec="CompoundDistribution">

            <distribution spec="beast.math.distributions.Prior" id="xPriorDist">
                <distr spec="Exponential" id="meanExpParamDist" mean="@meanParam"/>
                <x spec="RealParameter" id="x" value="1.0"/>
            </distribution>

            <distribution spec="beast.math.distributions.Prior" id="meanPriorDist">
                <distr spec="Exponential" id="xExpParamDist" mean="1"/>
                <x spec="RealParameter" idref="meanParam"/>
            </distribution>

        </distribution>

        <logger logEvery="1" fileName="$(filebase).log">
            <log idref="x"/>
            <log idref="meanParam"/>
        </logger>
    </run>
</beast>
