<beast version="2.0" namespace="beast.core
                              :beast.evolution.alignment
                              :beast.evolution.tree
                              :beast.math.distributions
                              :beast.core.util
                              :beast.core.parameter">



    <run spec="DirectSimulator" nSamples="10000">

        <distribution spec="CompoundDistribution">
            <distribution spec="beast.math.distributions.Prior">
                <distr spec="Exponential" mean="1"/>
                <x spec="RealParameter" id="x" value="1.0"/>
            </distribution>
        </distribution>

        <logger logEvery="1" fileName="$(filebase).log">
            <log idref="x"/>
        </logger>
    </run>
</beast>
